<?xml version="1.0"?>
<doc>
    <assembly>
        <name>Sockets.Plugin</name>
    </assembly>
    <members>
        <member name="T:Sockets.Plugin.CommsInterface">
            <summary>
            Provides a summary of an available network interface on the device.
            </summary>
        </member>
        <member name="F:Sockets.Plugin.CommsInterface.NativeHostName">
            <summary>
            The native HostName this CommsInterface represents.
            </summary>
        </member>
        <member name="F:Sockets.Plugin.CommsInterface.NativeNetworkAdapter">
            <summary>
            The native NetworkAdapter this CommsInterface represents.
            </summary>
        </member>
        <member name="M:Sockets.Plugin.CommsInterface.GetAllInterfacesAsync">
            <summary>
            Retrieves information on the IPv4 network interfaces available.
            </summary>
            <returns></returns>
        </member>
        <member name="P:Sockets.Plugin.CommsInterface.NativeInterfaceId">
            <summary>
            The interface identifier provided by the underlying platform.
            </summary>
        </member>
        <member name="P:Sockets.Plugin.CommsInterface.Name">
            <summary>
            The interface name, as provided by the underlying platform.
            </summary>
        </member>
        <member name="P:Sockets.Plugin.CommsInterface.IpAddress">
            <summary>
            The IPv4 Address of the interface, if connected. 
            </summary>
        </member>
        <member name="P:Sockets.Plugin.CommsInterface.GatewayAddress">
            <summary>
            The IPv4 address of the gateway, if available.
            </summary>
        </member>
        <member name="P:Sockets.Plugin.CommsInterface.BroadcastAddress">
            <summary>
            The IPv4 broadcast address for the interface, if available.
            </summary>
        </member>
        <member name="P:Sockets.Plugin.CommsInterface.IsUsable">
            <summary>
            Indicates whether the interface has a network address and can be used for 
            sending/receiving data.
            </summary>
        </member>
        <member name="P:Sockets.Plugin.CommsInterface.IsLoopback">
            <summary>
            Indicates whether the interface is the loopback interface
            </summary>5
        </member>
        <member name="P:Sockets.Plugin.CommsInterface.ConnectionStatus">
            <summary>
            The connection status of the interface, if available
            </summary>
        </member>
        <member name="T:Sockets.Plugin.NetworkExtensions">
            <summary>
            Helper methods required for the conversion of platform-specific network items to the abstracted versions. 
            </summary>
        </member>
        <member name="M:Sockets.Plugin.NetworkExtensions.GetBroadcastAddress(System.String,System.String)">
            <summary>
            Determines the broadcast address for a given IPAddress
            Adapted from http://blogs.msdn.com/b/knom/archive/2008/12/31/ip-address-calculations-with-c-subnetmasks-networks.aspx
            </summary>
            <param name="address"></param>
            <param name="subnetMask"></param>
            <returns></returns>
        </member>
        <member name="M:Sockets.Plugin.NetworkExtensions.GetSubnetAddress(System.String,System.Int32)">
            <summary>
            Calculates the subnet address for an ip address given its prefix link.
            Returns the ip as a string in dotted quad notation.
            </summary>
            <param name="ipAddress"></param>
            <param name="prefixLength"></param>
            <returns></returns>
        </member>
        <member name="M:Sockets.Plugin.NetworkExtensions.ToBytes(System.Boolean[])">
            <summary>
            Converts an array of bools to an array of bytes, 8 bits per byte.
            Expects most significant bit first. 
            </summary>
            <param name="bits"></param>
            <returns></returns>
        </member>
        <member name="M:Sockets.Plugin.NetworkExtensions.GetAddressBytes(System.String)">
            <summary>
            Converts dotted quad representation of an ip address into a byte array. 
            </summary>
            <param name="ipAddress"></param>
            <returns></returns>
        </member>
        <member name="M:Sockets.Plugin.NetworkExtensions.ToDottedQuadNotation(System.Byte[])">
            <summary>
            Converts a byte array into dotted quad representation.
            </summary>
            <param name="bytes"></param>
            <returns></returns>
        </member>
        <member name="T:Sockets.Plugin.TcpSocketClient">
            <summary>
                Sends and receives data over a TCP socket. Establish a connection with a listening TCP socket using
                <code>ConnectAsync</code>.
                Use the <code>WriteStream</code> and <code>ReadStream</code> properties for sending and receiving data
                respectively.
            </summary>
        </member>
        <member name="M:Sockets.Plugin.TcpSocketClient.#ctor">
            <summary>
                Default constructor for <code>TcpSocketClient</code>.
            </summary>
        </member>
        <member name="M:Sockets.Plugin.TcpSocketClient.ConnectAsync(System.String,System.Int32,System.Boolean)">
            <summary>
                Establishes a TCP connection with the endpoint at the specified address/port pair.
            </summary>
            <param name="address">The address of the endpoint to connect to.</param>
            <param name="port">The port of the endpoint to connect to.</param>
            <param name="secure">True to enable TLS on the socket.</param>
        </member>
        <member name="M:Sockets.Plugin.TcpSocketClient.DisconnectAsync">
            <summary>
                Disconnects from an endpoint previously connected to using <code>ConnectAsync</code>.
                Should not be called on a <code>TcpSocketClient</code> that is not already connected.
            </summary>
        </member>
        <member name="M:Sockets.Plugin.TcpSocketClient.Dispose">
            <summary>
            Performs application-defined tasks associated with freeing, releasing, or resetting unmanaged resources.
            </summary>
        </member>
        <member name="M:Sockets.Plugin.TcpSocketClient.Finalize">
            <summary>
            Allows an object to try to free resources and perform other cleanup operations before it is reclaimed by garbage collection.
            </summary>
        </member>
        <member name="P:Sockets.Plugin.TcpSocketClient.ReadStream">
            <summary>
                A stream that can be used for receiving data from the remote endpoint.
            </summary>
        </member>
        <member name="P:Sockets.Plugin.TcpSocketClient.WriteStream">
            <summary>
                A stream that can be used for sending data to the remote endpoint.
            </summary>
        </member>
        <member name="P:Sockets.Plugin.TcpSocketClient.RemoteAddress">
            <summary>
                The address of the remote endpoint to which the <code>TcpSocketClient</code> is currently connected.
            </summary>
        </member>
        <member name="P:Sockets.Plugin.TcpSocketClient.RemotePort">
            <summary>
                The port of the remote endpoint to which the <code>TcpSocketClient</code> is currently connected.
            </summary>
        </member>
        <member name="T:Sockets.Plugin.TcpSocketListener">
            <summary>
                Binds to a port and listens for TCP connections.
                Use <code>StartListeningAsync</code> to bind to a local port, then handle <code>ConnectionReceived</code> events as
                clients connect.
            </summary>
        </member>
        <member name="M:Sockets.Plugin.TcpSocketListener.StartListeningAsync(System.Int32,Sockets.Plugin.Abstractions.ICommsInterface)">
            <summary>
                Binds the <code>TcpSocketListener</code> to the specified port on all endpoints and listens for TCP connections.
            </summary>
            <param name="port">The port to listen on.</param>
            <param name="listenOn">The <code>CommsInterface</code> to listen on. If unspecified, all interfaces will be bound.</param>
            <returns></returns>
        </member>
        <member name="M:Sockets.Plugin.TcpSocketListener.StopListeningAsync">
            <summary>
                Stops the <code>TcpSocketListener</code> from listening for new tcp connections.
                This does not disconnect existing connections.
            </summary>
        </member>
        <member name="M:Sockets.Plugin.TcpSocketListener.Dispose">
            <summary>
            Performs application-defined tasks associated with freeing, releasing, or resetting unmanaged resources.
            </summary>
        </member>
        <member name="M:Sockets.Plugin.TcpSocketListener.Finalize">
            <summary>
            Allows an object to try to free resources and perform other cleanup operations before it is reclaimed by garbage collection.
            </summary>
        </member>
        <member name="P:Sockets.Plugin.TcpSocketListener.ConnectionReceived">
            <summary>
                Fired when a new TCP connection has been received.
                Use the <code>SocketClient</code> property of the <code>TcpSocketListenerConnectEventArgs</code>
                to get a <code>TcpSocketClient</code> representing the connection for sending and receiving data.
            </summary>
        </member>
        <member name="P:Sockets.Plugin.TcpSocketListener.LocalPort">
            <summary>
                The port to which the TcpSocketListener is currently bound
            </summary>
        </member>
        <member name="T:Sockets.Plugin.UdpSocketBase">
            <summary>
                Base class for WinRT udp socket wrapper.
            </summary>
        </member>
        <member name="F:Sockets.Plugin.UdpSocketBase._backingDatagramSocket">
            <summary>
                Native socket field around which UdpSocketBase wraps.
            </summary>
        </member>
        <member name="M:Sockets.Plugin.UdpSocketBase.#ctor">
            <summary>
                Default constructor for <code>UdpSocketBase</code>
            </summary>
        </member>
        <member name="M:Sockets.Plugin.UdpSocketBase.SendAsync(System.Byte[])">
            <summary>
                Sends the specified data to the 'default' target of the underlying DatagramSocket.
                There may be no 'default' target. depending on the state of the object.
            </summary>
            <param name="data">A byte array of data to be sent.</param>
        </member>
        <member name="M:Sockets.Plugin.UdpSocketBase.SendToAsync(System.Byte[],System.String,System.Int32)">
            <summary>
                Sends the specified data to the endpoint at the specified address/port pair.
            </summary>
            <param name="data">A byte array of data to send.</param>
            <param name="address">The remote address to which the data should be sent.</param>
            <param name="port">The remote port to which the data should be sent.</param>
        </member>
        <member name="M:Sockets.Plugin.UdpSocketBase.Dispose">
            <summary>
            Performs application-defined tasks associated with freeing, releasing, or resetting unmanaged resources.
            </summary>
        </member>
        <member name="M:Sockets.Plugin.UdpSocketBase.Finalize">
            <summary>
            Allows an object to try to free resources and perform other cleanup operations before it is reclaimed by garbage collection.
            </summary>
        </member>
        <member name="P:Sockets.Plugin.UdpSocketBase.MessageReceived">
            <summary>
                Fired when a udp datagram has been received.
            </summary>
        </member>
        <member name="T:Sockets.Plugin.UdpSocketClient">
            <summary>
                Sends udp data to arbitrary endpoints.
                If data is to be sent to a single endpoint only, use <code>ConnectAsync</code> to specify a default endpoint to
                which data will be sent,
                and send data with <code>SendAsync</code>.
            </summary>
        </member>
        <member name="M:Sockets.Plugin.UdpSocketClient.ConnectAsync(System.String,System.Int32)">
            <summary>
                Sets the endpoint at the specified address/port pair as the 'default' target of sent data.
                After calling <code>ConnectAsync</code>, use <code>SendAsync</code> to send data to the default target.
            </summary>
            <param name="address">The remote address for the default target.</param>
            <param name="port">The remote port for the default target.</param>
        </member>
        <member name="M:Sockets.Plugin.UdpSocketClient.DisconnectAsync">
            <summary>
                Unsets the 'default' target of sent data.
                After calling <code>DisconnectAsync</code>, calls to <code>SendAsync</code> will have no effect.
            </summary>
        </member>
        <member name="M:Sockets.Plugin.UdpSocketClient.SendAsync(System.Byte[])">
            <summary>
                Sends the specified data to the 'default' target of the <code>UdpSocketClient</code>, previously set using
                <code>ConnectAsync</code>.
                If the 'default' target has not been set, calls will have no effect.
            </summary>
            <param name="data">A byte array of data to be sent.</param>
        </member>
        <member name="M:Sockets.Plugin.UdpSocketClient.SendToAsync(System.Byte[],System.String,System.Int32)">
            <summary>
                Sends the specified data to the endpoint at the specified address/port pair.
            </summary>
            <param name="data">A byte array of data to send.</param>
            <param name="address">The remote address to which the data should be sent.</param>
            <param name="port">The remote port to which the data should be sent.</param>
        </member>
        <member name="T:Sockets.Plugin.UdpSocketMulticastClient">
            <summary>
                Sends and recieves data in a UDP multicast group.
                Join a UDP multicast address using <code>JoinMulticastGroupAsync</code>, then send data using
                <code>SendAsync</code>.
            </summary>
        </member>
        <member name="M:Sockets.Plugin.UdpSocketMulticastClient.JoinMulticastGroupAsync(System.String,System.Int32,Sockets.Plugin.Abstractions.ICommsInterface)">
            <summary>
                Joins the multicast group at the specified endpoint.
            </summary>
            <param name="multicastAddress">The address for the multicast group.</param>
            <param name="port">The port for the multicast group.</param>
            <param name="multicastOn">The <code>CommsInterface</code> to listen on. If unspecified, all interfaces will be bound.</param>
            <returns></returns>
        </member>
        <member name="M:Sockets.Plugin.UdpSocketMulticastClient.SendMulticastAsync(System.Byte[])">
            <summary>
                Sends the specified data to the multicast group, previously set using <code>JoinMulticastGroupAsync</code>.
                If a group has not been set, calls will have no effect.
            </summary>
            <param name="data">A byte array of data to be sent.</param>
        </member>
        <member name="M:Sockets.Plugin.UdpSocketMulticastClient.DisconnectAsync">
            <summary>
                Removes the <code>UdpSocketMulticastClient</code> from a joined multicast group.
            </summary>
        </member>
        <member name="P:Sockets.Plugin.UdpSocketMulticastClient.TTL">
            <summary>
                Gets or sets the Time To Live value for the <code>UdpSocketMulticastClient</code>.
                Must be called before joining a multicast group. 
            </summary>
        </member>
        <member name="T:Sockets.Plugin.UdpSocketReceiver">
            <summary>
                Listens on a port for UDP traffic and can send UDP data to arbitrary endpoints.
            </summary>
        </member>
        <member name="M:Sockets.Plugin.UdpSocketReceiver.StartListeningAsync(System.Int32,Sockets.Plugin.Abstractions.ICommsInterface)">
            <summary>
                Binds the <code>UdpSocketReceiver</code> to the specified port on all endpoints and listens for UDP traffic.
            </summary>
            <param name="port">The port to listen on. If '0', selection is delegated to the operating system.</param>        
            <param name="listenOn">The <code>CommsInterface</code> to listen on. If unspecified, all interfaces will be bound.</param>
            <returns></returns>
        </member>
        <member name="M:Sockets.Plugin.UdpSocketReceiver.StopListeningAsync">
            <summary>   
                Unbinds a bound <code>UdpSocketReceiver</code>. Should not be called if the <code>UdpSocketReceiver</code> has not
                yet been unbound.
            </summary>
        </member>
        <member name="M:Sockets.Plugin.UdpSocketReceiver.SendToAsync(System.Byte[],System.String,System.Int32)">
            <summary>
                Sends the specified data to the endpoint at the specified address/port pair.
            </summary>
            <param name="data">A byte array of data to send.</param>
            <param name="address">The remote address to which the data should be sent.</param>
            <param name="port">The remote port to which the data should be sent.</param>
        </member>
    </members>
</doc>
