﻿<?xml version="1.0" encoding="utf-8"?>
<Roots >
  <Roots.Interfaces>
    <RootInterface FullName="Windows.UI.Xaml.Data.IValueConverter" />
  </Roots.Interfaces>
  <Roots.PropertyPathNames>
    <RootPropertyPathName Name="TemplateSettings" />
    <RootPropertyPathName Name="CurtainOffToOnOffset" />
    <RootPropertyPathName Name="KnobOffToOnOffset" />
    <RootPropertyPathName Name="CurtainOnToOffOffset" />
    <RootPropertyPathName Name="KnobOnToOffOffset" />
    <RootPropertyPathName Name="CurtainCurrentToOffOffset" />
    <RootPropertyPathName Name="KnobCurrentToOffOffset" />
    <RootPropertyPathName Name="CurtainCurrentToOnOffset" />
    <RootPropertyPathName Name="KnobCurrentToOnOffset" />
    <RootPropertyPathName Name="Content" />
    <RootPropertyPathName Name="RenderHeight" />
    <RootPropertyPathName Name="View" />
    <RootPropertyPathName Name="HeaderContent" />
    <RootPropertyPathName Name="Title" />
    <RootPropertyPathName Name="Text" />
    <RootPropertyPathName Name="ShowNavigationBar" />
    <RootPropertyPathName Name="TitleInset" />
    <RootPropertyPathName Name="Icon" />
    <RootPropertyPathName Name="Value" />
    <RootPropertyPathName Name="IsEnabled" />
    <RootPropertyPathName Name="Placeholder" />
    <RootPropertyPathName Name="XAlign" />
    <RootPropertyPathName Name="Keyboard" />
    <RootPropertyPathName Name="Label" />
    <RootPropertyPathName Name="LabelColor" />
    <RootPropertyPathName Name="On" />
    <RootPropertyPathName Name="Detail" />
    <RootPropertyPathName Name="DetailColor" />
    <RootPropertyPathName Name="TextColor" />
    <RootPropertyPathName Name="ImageSource" />
  </Roots.PropertyPathNames>
  <Roots.RootTypes>
    <RootType FullName="Windows.UI.Xaml.ResourceDictionary">
      <RootProperty Name="MergedDictionaries" />
      <RootProperty Name="Source" />
    </RootType>
    <RootType FullName="Xamarin.Forms.Platform.WinRT.CaseConverter">
      <RootProperty Name="ConvertToUpper" />
    </RootType>
    <RootType FullName="Xamarin.Forms.Platform.WinRT.HeightConverter" />
    <RootType FullName="Xamarin.Forms.Platform.WinRT.CollapseWhenEmptyConverter" />
    <RootType FullName="Xamarin.Forms.Platform.WinRT.BoolToVisibilityConverter" />
    <RootType FullName="Xamarin.Forms.Platform.WinRT.PageToRenderedElementConverter" />
    <RootType FullName="Xamarin.Forms.Platform.WinRT.ImageConverter" />
    <RootType FullName="Xamarin.Forms.Platform.WinRT.ViewToRendererConverter" />
    <RootType FullName="Xamarin.Forms.Platform.WinRT.ColorConverter" />
    <RootType FullName="Xamarin.Forms.Platform.WinRT.XAlignConverter" />
    <RootType FullName="Xamarin.Forms.Platform.WinRT.KeyboardConverter" />
    <RootType FullName="Xamarin.Forms.Platform.WinRT.MasterBackgroundConverter" />
    <RootType FullName="Windows.UI.Xaml.Controls.Canvas" />
    <RootType FullName="Windows.UI.Xaml.Controls.Panel">
      <RootProperty Name="Background" />
    </RootType>
    <RootType FullName="Windows.UI.Xaml.Controls.ListView" />
    <RootType FullName="Windows.UI.Xaml.Controls.ListViewBase">
      <RootProperty Name="SelectionMode" />
    </RootType>
    <RootType FullName="Windows.UI.Xaml.Controls.ItemsControl">
      <RootProperty Name="ItemContainerStyle" />
      <RootProperty Name="ItemTemplate" />
      <RootProperty Name="ItemsPanel" />
    </RootType>
    <RootType FullName="Windows.UI.Xaml.DataTemplate">
      <RootProperty Name="Template" />
    </RootType>
    <RootType FullName="Xamarin.Forms.Platform.WinRT.ListViewGroupStyleSelector" />
    <RootType FullName="Windows.UI.Xaml.Controls.GroupStyle">
      <RootProperty Name="HidesIfEmpty" />
      <RootProperty Name="HeaderContainerStyle" />
      <RootProperty Name="HeaderTemplate" />
    </RootType>
    <RootType FullName="Windows.UI.Xaml.Controls.TextBox" />
    <RootType FullName="Windows.UI.Xaml.FrameworkElement">
      <RootProperty Name="Margin" />
      <RootProperty Name="HorizontalAlignment" />
      <RootProperty Name="VerticalAlignment" />
      <RootProperty Name="MinWidth" />
    </RootType>
    <RootType FullName="Windows.UI.Xaml.Controls.PasswordBox" />
    <RootType FullName="Windows.UI.Xaml.Controls.ToggleSwitch">
      <RootProperty Name="IsOn" />
      <RootProperty Name="OnContent" />
      <RootProperty Name="OffContent" />
      <RootProperty Name="VerticalAlignment" />
    </RootType>
    <RootType FullName="Windows.UI.Xaml.Controls.Control">
      <RootProperty Name="Foreground" />
      <RootProperty Name="HorizontalContentAlignment" />
      <RootProperty Name="FontFamily" />
      <RootProperty Name="FontWeight" />
      <RootProperty Name="FontSize" />
      <RootProperty Name="Template" />
      <RootProperty Name="Background" />
      <RootProperty Name="Padding" />
      <RootProperty Name="VerticalContentAlignment" />
    </RootType>
    <RootType FullName="Windows.UI.Xaml.Setter">
      <RootProperty Name="Property" />
      <RootProperty Name="Value" />
    </RootType>
    <RootType FullName="Windows.UI.Xaml.Controls.ControlTemplate">
      <RootProperty Name="TargetType" />
      <RootProperty Name="Template" />
    </RootType>
    <RootType FullName="Windows.UI.Xaml.Controls.Border">
      <RootProperty Name="BorderBrush" />
      <RootProperty Name="BorderThickness" />
      <RootProperty Name="Background" />
      <RootProperty Name="Child" />
      <RootProperty Name="Margin" />
      <RootProperty Name="Padding" />
    </RootType>
    <RootType FullName="Windows.UI.Xaml.VisualStateManager">
      <RootMethod Name="GetVisualStateGroups" />
    </RootType>
    <RootType FullName="Microsoft.Xaml.Tools.DirectUI.ProxyTypes.TemplateBindingExtension" />
    <RootType FullName="Windows.UI.Xaml.VisualStateGroup">
      <RootProperty Name="States" />
      <RootProperty Name="Transitions" />
    </RootType>
    <RootType FullName="Windows.UI.Xaml.VisualState">
      <RootProperty Name="Storyboard" />
    </RootType>
    <RootType FullName="Windows.UI.Xaml.Media.Animation.Storyboard">
      <RootProperty Name="Children" />
      <RootMethod Name="GetTargetProperty" />
      <RootMethod Name="SetTargetProperty" />
      <RootMethod Name="GetTargetName" />
      <RootMethod Name="SetTargetName" />
    </RootType>
    <RootType FullName="Windows.UI.Xaml.Media.Animation.DoubleAnimation">
      <RootProperty Name="Duration" />
      <RootProperty Name="To" />
    </RootType>
    <RootType FullName="Windows.UI.Xaml.Media.Animation.ObjectAnimationUsingKeyFrames">
      <RootProperty Name="KeyFrames" />
    </RootType>
    <RootType FullName="Windows.UI.Xaml.Media.Animation.DiscreteObjectKeyFrame">
      <RootProperty Name="KeyTime" />
      <RootProperty Name="Value" />
    </RootType>
    <RootType FullName="System.Boolean" />
    <RootType FullName="Windows.UI.Xaml.VisualTransition">
      <RootProperty Name="From" />
      <RootProperty Name="GeneratedDuration" />
      <RootProperty Name="To" />
      <RootProperty Name="Storyboard" />
    </RootType>
    <RootType FullName="Windows.UI.Xaml.Media.Animation.RepositionThemeAnimation">
      <RootProperty Name="FromHorizontalOffset" />
      <RootProperty Name="TargetName" />
    </RootType>
    <RootType FullName="Windows.UI.Xaml.Data.Binding">
      <RootProperty Name="RelativeSource" />
      <RootProperty Name="Converter" />
      <RootProperty Name="Mode" />
      <RootProperty Name="UpdateSourceTrigger" />
      <RootProperty Name="ConverterParameter" />
    </RootType>
    <RootType FullName="Windows.UI.Xaml.Data.RelativeSource">
      <RootProperty Name="Mode" />
    </RootType>
    <RootType FullName="Microsoft.Xaml.Tools.DirectUI.ProxyTypes.ThemeResourceExtension" />
    <RootType FullName="Windows.UI.Xaml.Controls.Grid">
      <RootProperty Name="RowDefinitions" />
      <RootProperty Name="Children" />
      <RootProperty Name="Margin" />
      <RootProperty Name="ColumnDefinitions" />
      <RootProperty Name="Background" />
      <RootProperty Name="ManipulationMode" />
      <RootProperty Name="Height" />
      <RootProperty Name="Visibility" />
      <RootProperty Name="Resources" />
      <RootProperty Name="HorizontalAlignment" />
      <RootMethod Name="GetColumnSpan" />
      <RootMethod Name="SetColumnSpan" />
      <RootMethod Name="GetRow" />
      <RootMethod Name="SetRow" />
      <RootMethod Name="GetColumn" />
      <RootMethod Name="SetColumn" />
      <RootMethod Name="GetRowSpan" />
      <RootMethod Name="SetRowSpan" />
    </RootType>
    <RootType FullName="Windows.UI.Xaml.Controls.RowDefinition">
      <RootProperty Name="Height" />
    </RootType>
    <RootType FullName="Windows.UI.Xaml.Controls.ContentPresenter">
      <RootProperty Name="ContentTemplate" />
      <RootProperty Name="Content" />
      <RootProperty Name="Foreground" />
      <RootProperty Name="FontWeight" />
      <RootProperty Name="Margin" />
      <RootProperty Name="HorizontalAlignment" />
      <RootProperty Name="IsHitTestVisible" />
      <RootProperty Name="MinWidth" />
      <RootProperty Name="Opacity" />
      <RootProperty Name="VerticalAlignment" />
      <RootProperty Name="Visibility" />
      <RootProperty Name="Resources" />
      <RootProperty Name="Height" />
      <RootProperty Name="ContentTransitions" />
    </RootType>
    <RootType FullName="Windows.UI.Xaml.Automation.AutomationProperties">
      <RootMethod Name="GetAccessibilityView" />
      <RootMethod Name="SetAccessibilityView" />
    </RootType>
    <RootType FullName="Windows.UI.Xaml.Controls.ColumnDefinition">
      <RootProperty Name="Width" />
      <RootProperty Name="MinWidth" />
    </RootType>
    <RootType FullName="Windows.UI.Xaml.Controls.Primitives.Thumb">
      <RootProperty Name="Template" />
    </RootType>
    <RootType FullName="Windows.UI.Xaml.Shapes.Rectangle">
      <RootProperty Name="Fill" />
      <RootProperty Name="HorizontalAlignment" />
      <RootProperty Name="Stroke" />
      <RootProperty Name="StrokeThickness" />
      <RootProperty Name="Width" />
      <RootProperty Name="RenderTransform" />
      <RootProperty Name="Margin" />
      <RootProperty Name="Opacity" />
      <RootProperty Name="StrokeDashOffset" />
      <RootProperty Name="StrokeEndLineCap" />
      <RootProperty Name="StrokeDashArray" />
    </RootType>
    <RootType FullName="Windows.UI.Xaml.Media.TranslateTransform">
      <RootProperty Name="X" />
    </RootType>
    <RootType FullName="Microsoft.Xaml.Tools.DirectUI.ProxyTypes.StaticResourceExtension" />
    <RootType FullName="Xamarin.Forms.Platform.WinRT.PageControl">
      <RootProperty Name="ContentMargin" />
      <RootProperty Name="TitleBrush" />
      <RootProperty Name="InvisibleBackButtonCollapsed" />
    </RootType>
    <RootType FullName="Windows.UI.Xaml.Controls.ListViewHeaderItem" />
    <RootType FullName="Xamarin.Forms.Platform.WinRT.ListGroupHeaderPresenter" />
    <RootType FullName="Xamarin.Forms.Platform.WinRT.CellControl">
      <RootProperty Name="DataContext" />
      <RootProperty Name="Cell" />
      <RootProperty Name="HorizontalContentAlignment" />
      <RootProperty Name="Height" />
    </RootType>
    <RootType FullName="Windows.UI.Xaml.Controls.TextBlock">
      <RootProperty Name="Text" />
      <RootProperty Name="Style" />
      <RootProperty Name="Margin" />
      <RootProperty Name="Visibility" />
      <RootProperty Name="HorizontalAlignment" />
      <RootProperty Name="VerticalAlignment" />
      <RootProperty Name="Name" />
      <RootProperty Name="Foreground" />
      <RootProperty Name="FontWeight" />
      <RootProperty Name="Opacity" />
    </RootType>
    <RootType FullName="Windows.UI.Xaml.Controls.ListViewItem" />
    <RootType FullName="Windows.UI.Xaml.Controls.UserControl">
      <RootProperty Name="Resources" />
    </RootType>
    <RootType FullName="Xamarin.Forms.Platform.WinRT.TabletMergeControl" />
    <RootType FullName="Windows.UI.Xaml.Media.SolidColorBrush">
      <RootProperty Name="Color" />
    </RootType>
    <RootType FullName="Xamarin.Forms.Platform.WinRT.TabButton">
      <RootProperty Name="Content" />
    </RootType>
    <RootType FullName="Xamarin.Forms.Platform.WinRT.TabsControl" />
    <RootType FullName="Windows.UI.Xaml.Controls.AppBarButton">
      <RootProperty Name="HorizontalAlignment" />
      <RootProperty Name="Visibility" />
      <RootProperty Name="Icon" />
    </RootType>
    <RootType FullName="Windows.UI.Xaml.Controls.ToolTipService">
      <RootMethod Name="GetToolTip" />
      <RootMethod Name="SetToolTip" />
    </RootType>
    <RootType FullName="Windows.UI.Xaml.Controls.SymbolIcon">
      <RootProperty Name="Symbol" />
    </RootType>
    <RootType FullName="Windows.UI.Xaml.Controls.Primitives.Popup">
      <RootProperty Name="IsLightDismissEnabled" />
      <RootProperty Name="ChildTransitions" />
      <RootProperty Name="Child" />
    </RootType>
    <RootType FullName="Windows.UI.Xaml.Media.Animation.TransitionCollection" />
    <RootType FullName="Windows.UI.Xaml.Media.Animation.PaneThemeTransition">
      <RootProperty Name="Edge" />
    </RootType>
    <RootType FullName="Windows.UI.Xaml.Controls.StackPanel">
      <RootProperty Name="VerticalAlignment" />
      <RootProperty Name="Children" />
      <RootProperty Name="Orientation" />
      <RootProperty Name="Margin" />
    </RootType>
    <RootType FullName="Windows.UI.Xaml.Controls.Image">
      <RootProperty Name="DataContext" />
      <RootProperty Name="Source" />
      <RootProperty Name="HorizontalAlignment" />
      <RootProperty Name="VerticalAlignment" />
    </RootType>
    <RootType FullName="Windows.UI.Xaml.Controls.ItemsPanelTemplate">
      <RootProperty Name="Template" />
    </RootType>
    <RootType FullName="Windows.UI.Xaml.Controls.ScrollViewer">
      <RootProperty Name="VerticalScrollMode" />
      <RootProperty Name="VerticalScrollBarVisibility" />
      <RootProperty Name="HorizontalScrollBarVisibility" />
      <RootProperty Name="Content" />
    </RootType>
    <RootType FullName="Windows.UI.Xaml.Controls.ItemsPresenter" />
    <RootType FullName="Windows.UI.Xaml.Media.Animation.PointerDownThemeAnimation">
      <RootProperty Name="TargetName" />
    </RootType>
    <RootType FullName="Windows.UI.Xaml.Media.Animation.PointerUpThemeAnimation">
      <RootProperty Name="TargetName" />
    </RootType>
    <RootType FullName="Xamarin.Forms.Platform.WinRT.EntryCellTextBox">
      <RootProperty Name="Margin" />
      <RootProperty Name="IsEnabled" />
      <RootProperty Name="Header" />
      <RootProperty Name="Text" />
      <RootProperty Name="PlaceholderText" />
      <RootProperty Name="TextAlignment" />
      <RootProperty Name="InputScope" />
      <RootProperty Name="HorizontalAlignment" />
      <RootProperty Name="HeaderTemplate" />
    </RootType>
    <RootType FullName="Windows.UI.Xaml.Controls.Primitives.ListViewItemPresenter">
      <RootProperty Name="VerticalContentAlignment" />
      <RootProperty Name="CheckBrush" />
      <RootProperty Name="CheckHintBrush" />
      <RootProperty Name="CheckSelectingBrush" />
      <RootProperty Name="ContentMargin" />
      <RootProperty Name="ContentTransitions" />
      <RootProperty Name="DisabledOpacity" />
      <RootProperty Name="DragBackground" />
      <RootProperty Name="DragForeground" />
      <RootProperty Name="DragOpacity" />
      <RootProperty Name="FocusBorderBrush" />
      <RootProperty Name="Padding" />
      <RootProperty Name="PlaceholderBackground" />
      <RootProperty Name="PointerOverBackground" />
      <RootProperty Name="PointerOverBackgroundMargin" />
      <RootProperty Name="ReorderHintOffset" />
      <RootProperty Name="SelectedBackground" />
      <RootProperty Name="SelectedBorderThickness" />
      <RootProperty Name="SelectedForeground" />
      <RootProperty Name="SelectedPointerOverBackground" />
      <RootProperty Name="SelectedPointerOverBorderBrush" />
      <RootProperty Name="SelectionCheckMarkVisualEnabled" />
    </RootType>
  </Roots.RootTypes>
</Roots>
