﻿<?xml version="1.0" encoding="utf-8"?>
<Roots >
  <Roots.Interfaces>
    <RootInterface FullName="Windows.UI.Xaml.Data.IValueConverter" />
  </Roots.Interfaces>
  <Roots.PropertyPathNames>
    <RootPropertyPathName Name="TemplateSettings" />
    <RootPropertyPathName Name="CurtainOffToOnOffset" />
    <RootPropertyPathName Name="KnobOffToOnOffset" />
    <RootPropertyPathName Name="CurtainOnToOffOffset" />
    <RootPropertyPathName Name="KnobOnToOffOffset" />
    <RootPropertyPathName Name="CurtainCurrentToOffOffset" />
    <RootPropertyPathName Name="KnobCurrentToOffOffset" />
    <RootPropertyPathName Name="CurtainCurrentToOnOffset" />
    <RootPropertyPathName Name="KnobCurrentToOnOffset" />
    <RootPropertyPathName Name="Content" />
    <RootPropertyPathName Name="RenderHeight" />
    <RootPropertyPathName Name="View" />
    <RootPropertyPathName Name="HeaderContent" />
    <RootPropertyPathName Name="Title" />
    <RootPropertyPathName Name="Text" />
    <RootPropertyPathName Name="ShowNavigationBar" />
    <RootPropertyPathName Name="IsEnabled" />
    <RootPropertyPathName Name="Placeholder" />
    <RootPropertyPathName Name="XAlign" />
    <RootPropertyPathName Name="Keyboard" />
    <RootPropertyPathName Name="Label" />
    <RootPropertyPathName Name="LabelColor" />
    <RootPropertyPathName Name="On" />
    <RootPropertyPathName Name="Detail" />
    <RootPropertyPathName Name="DetailColor" />
    <RootPropertyPathName Name="TextColor" />
    <RootPropertyPathName Name="ImageSource" />
    <RootPropertyPathName Name="Value" />
    <RootPropertyPathName Name="Foreground" />
    <RootPropertyPathName Name="BorderBrush" />
    <RootPropertyPathName Name="Background" />
  </Roots.PropertyPathNames>
  <Roots.RootTypes>
    <RootType FullName="Windows.UI.Xaml.ResourceDictionary">
      <RootProperty Name="MergedDictionaries" />
      <RootProperty Name="Source" />
      <RootProperty Name="ThemeDictionaries" />
    </RootType>
    <RootType FullName="Xamarin.Forms.Platform.WinRT.CaseConverter">
      <RootProperty Name="ConvertToUpper" />
    </RootType>
    <RootType FullName="Xamarin.Forms.Platform.WinRT.HeightConverter" />
    <RootType FullName="Xamarin.Forms.Platform.WinRT.CollapseWhenEmptyConverter" />
    <RootType FullName="Xamarin.Forms.Platform.WinRT.BoolToVisibilityConverter" />
    <RootType FullName="Xamarin.Forms.Platform.WinRT.PageToRenderedElementConverter" />
    <RootType FullName="Xamarin.Forms.Platform.WinRT.ImageConverter" />
    <RootType FullName="Xamarin.Forms.Platform.WinRT.ViewToRendererConverter" />
    <RootType FullName="Xamarin.Forms.Platform.WinRT.ColorConverter" />
    <RootType FullName="Xamarin.Forms.Platform.WinRT.XAlignConverter" />
    <RootType FullName="Xamarin.Forms.Platform.WinRT.KeyboardConverter" />
    <RootType FullName="Xamarin.Forms.Platform.WinRT.MasterBackgroundConverter" />
    <RootType FullName="Windows.UI.Xaml.Controls.Canvas" />
    <RootType FullName="Windows.UI.Xaml.Controls.Panel">
      <RootProperty Name="Background" />
    </RootType>
    <RootType FullName="Windows.UI.Xaml.Controls.ListView" />
    <RootType FullName="Windows.UI.Xaml.Controls.ListViewBase">
      <RootProperty Name="SelectionMode" />
    </RootType>
    <RootType FullName="Windows.UI.Xaml.Controls.ItemsControl">
      <RootProperty Name="ItemContainerStyle" />
      <RootProperty Name="ItemTemplate" />
    </RootType>
    <RootType FullName="Windows.UI.Xaml.DataTemplate">
      <RootProperty Name="Template" />
    </RootType>
    <RootType FullName="Xamarin.Forms.Platform.WinRT.ListViewGroupStyleSelector" />
    <RootType FullName="Windows.UI.Xaml.Controls.GroupStyle">
      <RootProperty Name="HidesIfEmpty" />
      <RootProperty Name="HeaderContainerStyle" />
      <RootProperty Name="HeaderTemplate" />
    </RootType>
    <RootType FullName="Windows.UI.Xaml.Controls.TextBox">
      <RootProperty Name="SelectionHighlightColor" />
      <RootProperty Name="BorderThickness" />
      <RootProperty Name="Background" />
      <RootProperty Name="Foreground" />
      <RootProperty Name="FontWeight" />
      <RootProperty Name="FontSize" />
      <RootProperty Name="FontFamily" />
      <RootProperty Name="InputScope" />
      <RootProperty Name="MinHeight" />
      <RootProperty Name="MaxLength" />
      <RootProperty Name="Padding" />
      <RootProperty Name="Style" />
      <RootProperty Name="TextWrapping" />
      <RootProperty Name="VerticalAlignment" />
    </RootType>
    <RootType FullName="Windows.UI.Xaml.FrameworkElement">
      <RootProperty Name="Margin" />
      <RootProperty Name="HorizontalAlignment" />
      <RootProperty Name="VerticalAlignment" />
      <RootProperty Name="MinWidth" />
      <RootProperty Name="MinHeight" />
    </RootType>
    <RootType FullName="Windows.UI.Xaml.Controls.PasswordBox" />
    <RootType FullName="Windows.UI.Xaml.Controls.ToggleSwitch">
      <RootProperty Name="IsOn" />
      <RootProperty Name="OnContent" />
      <RootProperty Name="OffContent" />
      <RootProperty Name="VerticalAlignment" />
    </RootType>
    <RootType FullName="Windows.UI.Xaml.Controls.Control">
      <RootProperty Name="Foreground" />
      <RootProperty Name="HorizontalContentAlignment" />
      <RootProperty Name="FontFamily" />
      <RootProperty Name="FontWeight" />
      <RootProperty Name="FontSize" />
      <RootProperty Name="Template" />
      <RootProperty Name="Background" />
      <RootProperty Name="Resources" />
      <RootProperty Name="Style" />
      <RootProperty Name="BorderBrush" />
      <RootProperty Name="BorderThickness" />
      <RootProperty Name="Padding" />
      <RootProperty Name="IsTabStop" />
    </RootType>
    <RootType FullName="Windows.UI.Xaml.Setter">
      <RootProperty Name="Property" />
      <RootProperty Name="Value" />
    </RootType>
    <RootType FullName="Windows.UI.Xaml.Controls.ControlTemplate">
      <RootProperty Name="TargetType" />
      <RootProperty Name="Template" />
    </RootType>
    <RootType FullName="Windows.UI.Xaml.Controls.Border">
      <RootProperty Name="BorderBrush" />
      <RootProperty Name="BorderThickness" />
      <RootProperty Name="Background" />
      <RootProperty Name="Child" />
      <RootProperty Name="Margin" />
      <RootProperty Name="Padding" />
    </RootType>
    <RootType FullName="Windows.UI.Xaml.VisualStateManager">
      <RootMethod Name="GetVisualStateGroups" />
    </RootType>
    <RootType FullName="Microsoft.Xaml.Tools.DirectUI.ProxyTypes.TemplateBindingExtension" />
    <RootType FullName="Windows.UI.Xaml.VisualStateGroup">
      <RootProperty Name="States" />
      <RootProperty Name="Transitions" />
    </RootType>
    <RootType FullName="Windows.UI.Xaml.VisualState">
      <RootProperty Name="Storyboard" />
    </RootType>
    <RootType FullName="Windows.UI.Xaml.Media.Animation.Storyboard">
      <RootProperty Name="Children" />
      <RootMethod Name="GetTargetProperty" />
      <RootMethod Name="SetTargetProperty" />
      <RootMethod Name="GetTargetName" />
      <RootMethod Name="SetTargetName" />
    </RootType>
    <RootType FullName="Windows.UI.Xaml.Media.Animation.DoubleAnimation">
      <RootProperty Name="Duration" />
      <RootProperty Name="To" />
    </RootType>
    <RootType FullName="Windows.UI.Xaml.Media.Animation.ObjectAnimationUsingKeyFrames">
      <RootProperty Name="KeyFrames" />
    </RootType>
    <RootType FullName="Windows.UI.Xaml.Media.Animation.DiscreteObjectKeyFrame">
      <RootProperty Name="KeyTime" />
      <RootProperty Name="Value" />
    </RootType>
    <RootType FullName="System.Boolean" />
    <RootType FullName="Windows.UI.Xaml.VisualTransition">
      <RootProperty Name="From" />
      <RootProperty Name="GeneratedDuration" />
      <RootProperty Name="To" />
      <RootProperty Name="Storyboard" />
    </RootType>
    <RootType FullName="Windows.UI.Xaml.Media.Animation.RepositionThemeAnimation">
      <RootProperty Name="FromHorizontalOffset" />
      <RootProperty Name="TargetName" />
    </RootType>
    <RootType FullName="Windows.UI.Xaml.Data.Binding">
      <RootProperty Name="RelativeSource" />
      <RootProperty Name="Converter" />
      <RootProperty Name="Mode" />
      <RootProperty Name="UpdateSourceTrigger" />
      <RootProperty Name="ConverterParameter" />
    </RootType>
    <RootType FullName="Windows.UI.Xaml.Data.RelativeSource">
      <RootProperty Name="Mode" />
    </RootType>
    <RootType FullName="Microsoft.Xaml.Tools.DirectUI.ProxyTypes.ThemeResourceExtension" />
    <RootType FullName="Windows.UI.Xaml.Controls.Grid">
      <RootProperty Name="RowDefinitions" />
      <RootProperty Name="Children" />
      <RootProperty Name="Margin" />
      <RootProperty Name="ColumnDefinitions" />
      <RootProperty Name="Background" />
      <RootProperty Name="ManipulationMode" />
      <RootProperty Name="Height" />
      <RootProperty Name="Resources" />
      <RootProperty Name="HorizontalAlignment" />
      <RootMethod Name="GetColumnSpan" />
      <RootMethod Name="SetColumnSpan" />
      <RootMethod Name="GetRow" />
      <RootMethod Name="SetRow" />
      <RootMethod Name="GetColumn" />
      <RootMethod Name="SetColumn" />
      <RootMethod Name="GetRowSpan" />
      <RootMethod Name="SetRowSpan" />
    </RootType>
    <RootType FullName="Windows.UI.Xaml.Controls.RowDefinition">
      <RootProperty Name="Height" />
    </RootType>
    <RootType FullName="Windows.UI.Xaml.Controls.ContentPresenter">
      <RootProperty Name="ContentTemplate" />
      <RootProperty Name="Content" />
      <RootProperty Name="Foreground" />
      <RootProperty Name="FontWeight" />
      <RootProperty Name="Margin" />
      <RootProperty Name="HorizontalAlignment" />
      <RootProperty Name="IsHitTestVisible" />
      <RootProperty Name="MinWidth" />
      <RootProperty Name="Opacity" />
      <RootProperty Name="VerticalAlignment" />
      <RootProperty Name="Visibility" />
      <RootProperty Name="Resources" />
      <RootProperty Name="Height" />
      <RootProperty Name="ContentTransitions" />
    </RootType>
    <RootType FullName="Windows.UI.Xaml.Automation.AutomationProperties">
      <RootMethod Name="GetAccessibilityView" />
      <RootMethod Name="SetAccessibilityView" />
    </RootType>
    <RootType FullName="Windows.UI.Xaml.Controls.ColumnDefinition">
      <RootProperty Name="Width" />
    </RootType>
    <RootType FullName="Windows.UI.Xaml.Controls.Primitives.Thumb">
      <RootProperty Name="Template" />
    </RootType>
    <RootType FullName="Windows.UI.Xaml.Shapes.Rectangle">
      <RootProperty Name="Fill" />
      <RootProperty Name="HorizontalAlignment" />
      <RootProperty Name="Stroke" />
      <RootProperty Name="StrokeThickness" />
      <RootProperty Name="Width" />
      <RootProperty Name="RenderTransform" />
      <RootProperty Name="Margin" />
      <RootProperty Name="Opacity" />
      <RootProperty Name="StrokeDashOffset" />
      <RootProperty Name="StrokeEndLineCap" />
      <RootProperty Name="StrokeDashArray" />
    </RootType>
    <RootType FullName="Windows.UI.Xaml.Media.TranslateTransform">
      <RootProperty Name="X" />
    </RootType>
    <RootType FullName="Microsoft.Xaml.Tools.DirectUI.ProxyTypes.StaticResourceExtension" />
    <RootType FullName="Xamarin.Forms.Platform.WinRT.PageControl">
      <RootProperty Name="TitleBrush" />
    </RootType>
    <RootType FullName="Windows.UI.Xaml.Controls.ListViewHeaderItem" />
    <RootType FullName="Xamarin.Forms.Platform.WinRT.ListGroupHeaderPresenter" />
    <RootType FullName="Xamarin.Forms.Platform.WinRT.CellControl">
      <RootProperty Name="DataContext" />
      <RootProperty Name="Cell" />
      <RootProperty Name="HorizontalContentAlignment" />
      <RootProperty Name="Height" />
    </RootType>
    <RootType FullName="Windows.UI.Xaml.Controls.TextBlock">
      <RootProperty Name="Text" />
      <RootProperty Name="Style" />
      <RootProperty Name="Margin" />
      <RootProperty Name="Visibility" />
      <RootProperty Name="HorizontalAlignment" />
      <RootProperty Name="VerticalAlignment" />
      <RootProperty Name="Name" />
      <RootProperty Name="Height" />
      <RootProperty Name="Foreground" />
    </RootType>
    <RootType FullName="Windows.UI.Xaml.Controls.ListViewItem" />
    <RootType FullName="Windows.UI.Xaml.Controls.UserControl">
      <RootProperty Name="Resources" />
    </RootType>
    <RootType FullName="Xamarin.Forms.Platform.WinRT.PhoneMergeControl" />
    <RootType FullName="Windows.UI.Xaml.Thickness" />
    <RootType FullName="Windows.UI.Xaml.Controls.Button">
      <RootProperty Name="Background" />
      <RootProperty Name="FontWeight" />
      <RootProperty Name="Style" />
    </RootType>
    <RootType FullName="Xamarin.Forms.Platform.WinRT.FormsButton" />
    <RootType FullName="Windows.UI.Xaml.Controls.Pivot">
      <RootProperty Name="TitleTemplate" />
      <RootProperty Name="HeaderTemplate" />
    </RootType>
    <RootType FullName="Windows.UI.Xaml.Controls.Primitives.Popup">
      <RootProperty Name="IsLightDismissEnabled" />
      <RootProperty Name="ChildTransitions" />
      <RootProperty Name="Child" />
    </RootType>
    <RootType FullName="Windows.UI.Xaml.Media.Animation.TransitionCollection" />
    <RootType FullName="Windows.UI.Xaml.Media.Animation.PopupThemeTransition" />
    <RootType FullName="Xamarin.Forms.Platform.WinRT.EntryCellTextBox">
      <RootProperty Name="Margin" />
      <RootProperty Name="IsEnabled" />
      <RootProperty Name="Header" />
      <RootProperty Name="Text" />
      <RootProperty Name="PlaceholderText" />
      <RootProperty Name="TextAlignment" />
      <RootProperty Name="InputScope" />
      <RootProperty Name="HorizontalAlignment" />
      <RootProperty Name="HeaderTemplate" />
    </RootType>
    <RootType FullName="Windows.UI.Xaml.Controls.Image">
      <RootProperty Name="DataContext" />
      <RootProperty Name="Source" />
      <RootProperty Name="VerticalAlignment" />
    </RootType>
    <RootType FullName="Windows.UI.Xaml.Controls.StackPanel">
      <RootProperty Name="Margin" />
      <RootProperty Name="Height" />
      <RootProperty Name="Children" />
    </RootType>
    <RootType FullName="Windows.UI.Xaml.Media.SolidColorBrush">
      <RootProperty Name="Color" />
    </RootType>
    <RootType FullName="System.Double" />
    <RootType FullName="Windows.UI.Text.FontWeight" />
    <RootType FullName="Windows.UI.Xaml.Documents.Typography">
      <RootMethod Name="GetStylisticSet20" />
      <RootMethod Name="SetStylisticSet20" />
    </RootType>
    <RootType FullName="Windows.UI.Xaml.Controls.ScrollViewer">
      <RootProperty Name="HorizontalScrollMode" />
      <RootProperty Name="HorizontalScrollBarVisibility" />
      <RootProperty Name="IsTabStop" />
      <RootProperty Name="IsHorizontalRailEnabled" />
      <RootProperty Name="IsVerticalRailEnabled" />
      <RootProperty Name="IsDeferredScrollingEnabled" />
      <RootProperty Name="Margin" />
      <RootProperty Name="Padding" />
      <RootProperty Name="VerticalScrollBarVisibility" />
      <RootProperty Name="VerticalScrollMode" />
      <RootProperty Name="ZoomMode" />
      <RootMethod Name="GetHorizontalScrollBarVisibility" />
      <RootMethod Name="SetHorizontalScrollBarVisibility" />
      <RootMethod Name="GetVerticalScrollBarVisibility" />
      <RootMethod Name="SetVerticalScrollBarVisibility" />
      <RootMethod Name="GetIsDeferredScrollingEnabled" />
      <RootMethod Name="SetIsDeferredScrollingEnabled" />
    </RootType>
    <RootType FullName="Windows.UI.Xaml.Controls.ContentControl">
      <RootProperty Name="Content" />
      <RootProperty Name="Foreground" />
      <RootProperty Name="IsHitTestVisible" />
      <RootProperty Name="IsTabStop" />
      <RootProperty Name="Margin" />
      <RootProperty Name="Padding" />
    </RootType>
    <RootType FullName="Windows.UI.Xaml.Controls.SymbolIcon">
      <RootProperty Name="Symbol" />
      <RootProperty Name="Foreground" />
      <RootProperty Name="HorizontalAlignment" />
      <RootProperty Name="VerticalAlignment" />
    </RootType>
    <RootType FullName="Xamarin.Forms.Platform.WinRT.SearchBox" />
  </Roots.RootTypes>
</Roots>
